[
  {
    "Code ID": "1",
    "Nome": "Floresta",
    "Hex": "#1f8d49"
  },
  {
    "Code ID": "3",
    "Nome": "Formação Florestal",
    "Hex": "#1f8d49"
  },
  {
    "Code ID": "4",
    "Nome": "Formação Savânica",
    "Hex": "#7dc975"
  },
  {
    "Code ID": "5",
    "Nome": "Mangue",
    "Hex": "#04381d"
  },
  {
    "Code ID": "6",
    "Nome": "Floresta Alagável",
    "Hex": "#026975"
  },
  {
    "Code ID": "49",
    "Nome": "Restinga Arbórea",
    "Hex": "#02d659"
  },
  {
    "Code ID": "10",
    "Nome": "Vegetação Herbácea e Arbustiva",
    "Hex": "#ad975a"
  },
  {
    "Code ID": "11",
    "Nome": "Campo Alagado e Área Pantanosa",
    "Hex": "#519799"
  },
  {
    "Code ID": "12",
    "Nome": "Formação Campestre",
    "Hex": "#d6bc74"
  },
  {
    "Code ID": "32",
    "Nome": "Apicum",
    "Hex": "#fc8114"
  },
  {
    "Code ID": "29",
    "Nome": "Afloramento Rochoso",
    "Hex": "#ffaa5f"
  },
  {
    "Code ID": "50",
    "Nome": "Restinga Herbácea",
    "Hex": "#ad5100"
  },
  {
    "Code ID": "14",
    "Nome": "Agropecuária",
    "Hex": "#FFFFB2"
  },
  {
    "Code ID": "15",
    "Nome": "Pastagem",
    "Hex": "#edde8e"
  },
  {
    "Code ID": "18",
    "Nome": "Agricultura",
    "Hex": "#E974ED"
  },
  {
    "Code ID": "19",
    "Nome": "Lavoura Temporária",
    "Hex": "#C27BA0"
  },
  {
    "Code ID": "39",
    "Nome": "Soja",
    "Hex": "#f5b3c8"
  },
  {
    "Code ID": "20",
    "Nome": "Cana",
    "Hex": "#db7093"
  },
  {
    "Code ID": "40",
    "Nome": "Arroz",
    "Hex": "#c71585"
  },
  {
    "Code ID": "62",
    "Nome": "Algodão (beta)",
    "Hex": "#ff69b4"
  },
  {
    "Code ID": "41",
    "Nome": "Outras Lavouras Temporárias",
    "Hex": "#f54ca9"
  },
  {
    "Code ID": "36",
    "Nome": "Lavoura Perene",
    "Hex": "#d082de"
  },
  {
    "Code ID": "46",
    "Nome": "Cafe",
    "Hex": "#d68fe2"
  },
  {
    "Code ID": "47",
    "Nome": "Citrus",
    "Hex": "#9932cc"
  },
  {
    "Code ID": "35",
    "Nome": "Dendê",
    "Hex": "#9065d0"
  },
  {
    "Code ID": "48",
    "Nome": "Outras Lavouras Perenes",
    "Hex": "#e6ccff"
  },
  {
    "Code ID": "9",
    "Nome": "Silvicultura",
    "Hex": "#7a5900"
  },
  {
    "Code ID": "21",
    "Nome": "Mosaico de Usos",
    "Hex": "#ffefc3"
  },
  {
    "Code ID": "22",
    "Nome": "Área não Vegetada",
    "Hex": "#d4271e"
  },
  {
    "Code ID": "23",
    "Nome": "Praia, Duna e Areal",
    "Hex": "#ffa07a"
  },
  {
    "Code ID": "24",
    "Nome": "Área Urbanizada",
    "Hex": "#d4271e"
  },
  {
    "Code ID": "30",
    "Nome": "Mineração",
    "Hex": "#9c0027"
  },
  {
    "Code ID": "25",
    "Nome": "Outras Áreas não Vegetadas",
    "Hex": "#db4d4f"
  },
  {
    "Code ID": "26",
    "Nome": "Corpo D'água",
    "Hex": "#0000FF"
  },
  {
    "Code ID": "33",
    "Nome": "Rio, Lago e Oceano",
    "Hex": "#2532e4"
  },
  {
    "Code ID": "31",
    "Nome": "Aquicultura",
    "Hex": "#091077"
  },
  {
    "Code ID": "27",
    "Nome": "Não observado",
    "Hex": "#ffffff"
  }
]